,country,indicator_value,year,value
35,BR,GDP (current US$) [NY.GDP.MKTP.CD],1988,
36,BR,GDP (current US$) [NY.GDP.MKTP.CD],1987,
37,BR,GDP (current US$) [NY.GDP.MKTP.CD],1986,
38,BR,GDP (current US$) [NY.GDP.MKTP.CD],1985,
39,BR,GDP (current US$) [NY.GDP.MKTP.CD],1984,
40,BR,GDP (current US$) [NY.GDP.MKTP.CD],1983,
41,BR,GDP (current US$) [NY.GDP.MKTP.CD],1982,
42,BR,GDP (current US$) [NY.GDP.MKTP.CD],1981,
43,BR,GDP (current US$) [NY.GDP.MKTP.CD],1980,
44,BR,GDP (current US$) [NY.GDP.MKTP.CD],1979,
45,BR,GDP (current US$) [NY.GDP.MKTP.CD],1978,
46,BR,GDP (current US$) [NY.GDP.MKTP.CD],1977,
47,BR,GDP (current US$) [NY.GDP.MKTP.CD],1976,
48,BR,GDP (current US$) [NY.GDP.MKTP.CD],1975,
49,BR,GDP (current US$) [NY.GDP.MKTP.CD],1974,
85,BR,GDP per capita (current US$) [NY.GDP.PCAP.CD],1988,
86,BR,GDP per capita (current US$) [NY.GDP.PCAP.CD],1987,
87,BR,GDP per capita (current US$) [NY.GDP.PCAP.CD],1986,
88,BR,GDP per capita (current US$) [NY.GDP.PCAP.CD],1985,
89,BR,GDP per capita (current US$) [NY.GDP.PCAP.CD],1984,
90,BR,GDP per capita (current US$) [NY.GDP.PCAP.CD],1983,
91,BR,GDP per capita (current US$) [NY.GDP.PCAP.CD],1982,
92,BR,GDP per capita (current US$) [NY.GDP.PCAP.CD],1981,
93,BR,GDP per capita (current US$) [NY.GDP.PCAP.CD],1980,
94,BR,GDP per capita (current US$) [NY.GDP.PCAP.CD],1979,
95,BR,GDP per capita (current US$) [NY.GDP.PCAP.CD],1978,
96,BR,GDP per capita (current US$) [NY.GDP.PCAP.CD],1977,
97,BR,GDP per capita (current US$) [NY.GDP.PCAP.CD],1976,
98,BR,GDP per capita (current US$) [NY.GDP.PCAP.CD],1975,
99,BR,GDP per capita (current US$) [NY.GDP.PCAP.CD],1974,
133,BR,"Unemployment, total (% of total labor force) (modeled ILO estimate) [SL.UEM.TOTL.ZS]",1990,
134,BR,"Unemployment, total (% of total labor force) (modeled ILO estimate) [SL.UEM.TOTL.ZS]",1989,
135,BR,"Unemployment, total (% of total labor force) (modeled ILO estimate) [SL.UEM.TOTL.ZS]",1988,
136,BR,"Unemployment, total (% of total labor force) (modeled ILO estimate) [SL.UEM.TOTL.ZS]",1987,
137,BR,"Unemployment, total (% of total labor force) (modeled ILO estimate) [SL.UEM.TOTL.ZS]",1986,
138,BR,"Unemployment, total (% of total labor force) (modeled ILO estimate) [SL.UEM.TOTL.ZS]",1985,
139,BR,"Unemployment, total (% of total labor force) (modeled ILO estimate) [SL.UEM.TOTL.ZS]",1984,
140,BR,"Unemployment, total (% of total labor force) (modeled ILO estimate) [SL.UEM.TOTL.ZS]",1983,
141,BR,"Unemployment, total (% of total labor force) (modeled ILO estimate) [SL.UEM.TOTL.ZS]",1982,
142,BR,"Unemployment, total (% of total labor force) (modeled ILO estimate) [SL.UEM.TOTL.ZS]",1981,
143,BR,"Unemployment, total (% of total labor force) (modeled ILO estimate) [SL.UEM.TOTL.ZS]",1980,
144,BR,"Unemployment, total (% of total labor force) (modeled ILO estimate) [SL.UEM.TOTL.ZS]",1979,
145,BR,"Unemployment, total (% of total labor force) (modeled ILO estimate) [SL.UEM.TOTL.ZS]",1978,
146,BR,"Unemployment, total (% of total labor force) (modeled ILO estimate) [SL.UEM.TOTL.ZS]",1977,
147,BR,"Unemployment, total (% of total labor force) (modeled ILO estimate) [SL.UEM.TOTL.ZS]",1976,
148,BR,"Unemployment, total (% of total labor force) (modeled ILO estimate) [SL.UEM.TOTL.ZS]",1975,
149,BR,"Unemployment, total (% of total labor force) (modeled ILO estimate) [SL.UEM.TOTL.ZS]",1974,
193,BR,"Inflation, consumer prices (annual %) [FP.CPI.TOTL.ZG]",1980,
194,BR,"Inflation, consumer prices (annual %) [FP.CPI.TOTL.ZG]",1979,
195,BR,"Inflation, consumer prices (annual %) [FP.CPI.TOTL.ZG]",1978,
196,BR,"Inflation, consumer prices (annual %) [FP.CPI.TOTL.ZG]",1977,
197,BR,"Inflation, consumer prices (annual %) [FP.CPI.TOTL.ZG]",1976,
198,BR,"Inflation, consumer prices (annual %) [FP.CPI.TOTL.ZG]",1975,
199,BR,"Inflation, consumer prices (annual %) [FP.CPI.TOTL.ZG]",1974,
235,BR,"GNI per capita, Atlas method (current US$) [NY.GNP.PCAP.CD]",1988,
236,BR,"GNI per capita, Atlas method (current US$) [NY.GNP.PCAP.CD]",1987,
237,BR,"GNI per capita, Atlas method (current US$) [NY.GNP.PCAP.CD]",1986,
238,BR,"GNI per capita, Atlas method (current US$) [NY.GNP.PCAP.CD]",1985,
239,BR,"GNI per capita, Atlas method (current US$) [NY.GNP.PCAP.CD]",1984,
240,BR,"GNI per capita, Atlas method (current US$) [NY.GNP.PCAP.CD]",1983,
241,BR,"GNI per capita, Atlas method (current US$) [NY.GNP.PCAP.CD]",1982,
242,BR,"GNI per capita, Atlas method (current US$) [NY.GNP.PCAP.CD]",1981,
243,BR,"GNI per capita, Atlas method (current US$) [NY.GNP.PCAP.CD]",1980,
244,BR,"GNI per capita, Atlas method (current US$) [NY.GNP.PCAP.CD]",1979,
245,BR,"GNI per capita, Atlas method (current US$) [NY.GNP.PCAP.CD]",1978,
246,BR,"GNI per capita, Atlas method (current US$) [NY.GNP.PCAP.CD]",1977,
247,BR,"GNI per capita, Atlas method (current US$) [NY.GNP.PCAP.CD]",1976,
248,BR,"GNI per capita, Atlas method (current US$) [NY.GNP.PCAP.CD]",1975,
249,BR,"GNI per capita, Atlas method (current US$) [NY.GNP.PCAP.CD]",1974,
250,BR,"External debt stocks, total (DOD, current US$) [DT.DOD.DECT.CD]",2023,
300,BR,"Central government debt, total (% of GDP) [GC.DOD.TOTL.GD.ZS]",2023,
314,BR,"Central government debt, total (% of GDP) [GC.DOD.TOTL.GD.ZS]",2009,
315,BR,"Central government debt, total (% of GDP) [GC.DOD.TOTL.GD.ZS]",2008,
316,BR,"Central government debt, total (% of GDP) [GC.DOD.TOTL.GD.ZS]",2007,
317,BR,"Central government debt, total (% of GDP) [GC.DOD.TOTL.GD.ZS]",2006,
318,BR,"Central government debt, total (% of GDP) [GC.DOD.TOTL.GD.ZS]",2005,
319,BR,"Central government debt, total (% of GDP) [GC.DOD.TOTL.GD.ZS]",2004,
320,BR,"Central government debt, total (% of GDP) [GC.DOD.TOTL.GD.ZS]",2003,
321,BR,"Central government debt, total (% of GDP) [GC.DOD.TOTL.GD.ZS]",2002,
322,BR,"Central government debt, total (% of GDP) [GC.DOD.TOTL.GD.ZS]",2001,
323,BR,"Central government debt, total (% of GDP) [GC.DOD.TOTL.GD.ZS]",2000,
324,BR,"Central government debt, total (% of GDP) [GC.DOD.TOTL.GD.ZS]",1999,
325,BR,"Central government debt, total (% of GDP) [GC.DOD.TOTL.GD.ZS]",1998,
326,BR,"Central government debt, total (% of GDP) [GC.DOD.TOTL.GD.ZS]",1997,
327,BR,"Central government debt, total (% of GDP) [GC.DOD.TOTL.GD.ZS]",1996,
328,BR,"Central government debt, total (% of GDP) [GC.DOD.TOTL.GD.ZS]",1995,
329,BR,"Central government debt, total (% of GDP) [GC.DOD.TOTL.GD.ZS]",1994,
330,BR,"Central government debt, total (% of GDP) [GC.DOD.TOTL.GD.ZS]",1993,
331,BR,"Central government debt, total (% of GDP) [GC.DOD.TOTL.GD.ZS]",1992,
332,BR,"Central government debt, total (% of GDP) [GC.DOD.TOTL.GD.ZS]",1991,
333,BR,"Central government debt, total (% of GDP) [GC.DOD.TOTL.GD.ZS]",1990,
334,BR,"Central government debt, total (% of GDP) [GC.DOD.TOTL.GD.ZS]",1989,
335,BR,"Central government debt, total (% of GDP) [GC.DOD.TOTL.GD.ZS]",1988,
336,BR,"Central government debt, total (% of GDP) [GC.DOD.TOTL.GD.ZS]",1987,
337,BR,"Central government debt, total (% of GDP) [GC.DOD.TOTL.GD.ZS]",1986,
338,BR,"Central government debt, total (% of GDP) [GC.DOD.TOTL.GD.ZS]",1985,
339,BR,"Central government debt, total (% of GDP) [GC.DOD.TOTL.GD.ZS]",1984,
340,BR,"Central government debt, total (% of GDP) [GC.DOD.TOTL.GD.ZS]",1983,
341,BR,"Central government debt, total (% of GDP) [GC.DOD.TOTL.GD.ZS]",1982,
342,BR,"Central government debt, total (% of GDP) [GC.DOD.TOTL.GD.ZS]",1981,
343,BR,"Central government debt, total (% of GDP) [GC.DOD.TOTL.GD.ZS]",1980,
344,BR,"Central government debt, total (% of GDP) [GC.DOD.TOTL.GD.ZS]",1979,
345,BR,"Central government debt, total (% of GDP) [GC.DOD.TOTL.GD.ZS]",1978,
346,BR,"Central government debt, total (% of GDP) [GC.DOD.TOTL.GD.ZS]",1977,
347,BR,"Central government debt, total (% of GDP) [GC.DOD.TOTL.GD.ZS]",1976,
348,BR,"Central government debt, total (% of GDP) [GC.DOD.TOTL.GD.ZS]",1975,
349,BR,"Central government debt, total (% of GDP) [GC.DOD.TOTL.GD.ZS]",1974,
385,BR,External balance on goods and services (current US$) [NE.RSB.GNFS.CD],1988,
386,BR,External balance on goods and services (current US$) [NE.RSB.GNFS.CD],1987,
387,BR,External balance on goods and services (current US$) [NE.RSB.GNFS.CD],1986,
388,BR,External balance on goods and services (current US$) [NE.RSB.GNFS.CD],1985,
389,BR,External balance on goods and services (current US$) [NE.RSB.GNFS.CD],1984,
390,BR,External balance on goods and services (current US$) [NE.RSB.GNFS.CD],1983,
391,BR,External balance on goods and services (current US$) [NE.RSB.GNFS.CD],1982,
392,BR,External balance on goods and services (current US$) [NE.RSB.GNFS.CD],1981,
393,BR,External balance on goods and services (current US$) [NE.RSB.GNFS.CD],1980,
394,BR,External balance on goods and services (current US$) [NE.RSB.GNFS.CD],1979,
395,BR,External balance on goods and services (current US$) [NE.RSB.GNFS.CD],1978,
396,BR,External balance on goods and services (current US$) [NE.RSB.GNFS.CD],1977,
397,BR,External balance on goods and services (current US$) [NE.RSB.GNFS.CD],1976,
398,BR,External balance on goods and services (current US$) [NE.RSB.GNFS.CD],1975,
399,BR,External balance on goods and services (current US$) [NE.RSB.GNFS.CD],1974,
400,BR,"Life expectancy at birth, total (years) [SP.DYN.LE00.IN]",2023,
450,BR,"Foreign direct investment, net inflows (BoP, current US$) [BX.KLT.DINV.CD.WD]",2023,
536,RU,GDP (current US$) [NY.GDP.MKTP.CD],1987,
537,RU,GDP (current US$) [NY.GDP.MKTP.CD],1986,
538,RU,GDP (current US$) [NY.GDP.MKTP.CD],1985,
539,RU,GDP (current US$) [NY.GDP.MKTP.CD],1984,
540,RU,GDP (current US$) [NY.GDP.MKTP.CD],1983,
541,RU,GDP (current US$) [NY.GDP.MKTP.CD],1982,
542,RU,GDP (current US$) [NY.GDP.MKTP.CD],1981,
543,RU,GDP (current US$) [NY.GDP.MKTP.CD],1980,
544,RU,GDP (current US$) [NY.GDP.MKTP.CD],1979,
545,RU,GDP (current US$) [NY.GDP.MKTP.CD],1978,
546,RU,GDP (current US$) [NY.GDP.MKTP.CD],1977,
547,RU,GDP (current US$) [NY.GDP.MKTP.CD],1976,
548,RU,GDP (current US$) [NY.GDP.MKTP.CD],1975,
549,RU,GDP (current US$) [NY.GDP.MKTP.CD],1974,
586,RU,GDP per capita (current US$) [NY.GDP.PCAP.CD],1987,
587,RU,GDP per capita (current US$) [NY.GDP.PCAP.CD],1986,
588,RU,GDP per capita (current US$) [NY.GDP.PCAP.CD],1985,
589,RU,GDP per capita (current US$) [NY.GDP.PCAP.CD],1984,
590,RU,GDP per capita (current US$) [NY.GDP.PCAP.CD],1983,
591,RU,GDP per capita (current US$) [NY.GDP.PCAP.CD],1982,
592,RU,GDP per capita (current US$) [NY.GDP.PCAP.CD],1981,
593,RU,GDP per capita (current US$) [NY.GDP.PCAP.CD],1980,
594,RU,GDP per capita (current US$) [NY.GDP.PCAP.CD],1979,
595,RU,GDP per capita (current US$) [NY.GDP.PCAP.CD],1978,
596,RU,GDP per capita (current US$) [NY.GDP.PCAP.CD],1977,
597,RU,GDP per capita (current US$) [NY.GDP.PCAP.CD],1976,
598,RU,GDP per capita (current US$) [NY.GDP.PCAP.CD],1975,
599,RU,GDP per capita (current US$) [NY.GDP.PCAP.CD],1974,
633,RU,"Unemployment, total (% of total labor force) (modeled ILO estimate) [SL.UEM.TOTL.ZS]",1990,
634,RU,"Unemployment, total (% of total labor force) (modeled ILO estimate) [SL.UEM.TOTL.ZS]",1989,
635,RU,"Unemployment, total (% of total labor force) (modeled ILO estimate) [SL.UEM.TOTL.ZS]",1988,
636,RU,"Unemployment, total (% of total labor force) (modeled ILO estimate) [SL.UEM.TOTL.ZS]",1987,
637,RU,"Unemployment, total (% of total labor force) (modeled ILO estimate) [SL.UEM.TOTL.ZS]",1986,
638,RU,"Unemployment, total (% of total labor force) (modeled ILO estimate) [SL.UEM.TOTL.ZS]",1985,
639,RU,"Unemployment, total (% of total labor force) (modeled ILO estimate) [SL.UEM.TOTL.ZS]",1984,
640,RU,"Unemployment, total (% of total labor force) (modeled ILO estimate) [SL.UEM.TOTL.ZS]",1983,
641,RU,"Unemployment, total (% of total labor force) (modeled ILO estimate) [SL.UEM.TOTL.ZS]",1982,
642,RU,"Unemployment, total (% of total labor force) (modeled ILO estimate) [SL.UEM.TOTL.ZS]",1981,
643,RU,"Unemployment, total (% of total labor force) (modeled ILO estimate) [SL.UEM.TOTL.ZS]",1980,
644,RU,"Unemployment, total (% of total labor force) (modeled ILO estimate) [SL.UEM.TOTL.ZS]",1979,
645,RU,"Unemployment, total (% of total labor force) (modeled ILO estimate) [SL.UEM.TOTL.ZS]",1978,
646,RU,"Unemployment, total (% of total labor force) (modeled ILO estimate) [SL.UEM.TOTL.ZS]",1977,
647,RU,"Unemployment, total (% of total labor force) (modeled ILO estimate) [SL.UEM.TOTL.ZS]",1976,
648,RU,"Unemployment, total (% of total labor force) (modeled ILO estimate) [SL.UEM.TOTL.ZS]",1975,
649,RU,"Unemployment, total (% of total labor force) (modeled ILO estimate) [SL.UEM.TOTL.ZS]",1974,
650,RU,"Inflation, consumer prices (annual %) [FP.CPI.TOTL.ZG]",2023,
651,RU,"Inflation, consumer prices (annual %) [FP.CPI.TOTL.ZG]",2022,
681,RU,"Inflation, consumer prices (annual %) [FP.CPI.TOTL.ZG]",1992,
682,RU,"Inflation, consumer prices (annual %) [FP.CPI.TOTL.ZG]",1991,
683,RU,"Inflation, consumer prices (annual %) [FP.CPI.TOTL.ZG]",1990,
684,RU,"Inflation, consumer prices (annual %) [FP.CPI.TOTL.ZG]",1989,
685,RU,"Inflation, consumer prices (annual %) [FP.CPI.TOTL.ZG]",1988,
686,RU,"Inflation, consumer prices (annual %) [FP.CPI.TOTL.ZG]",1987,
687,RU,"Inflation, consumer prices (annual %) [FP.CPI.TOTL.ZG]",1986,
688,RU,"Inflation, consumer prices (annual %) [FP.CPI.TOTL.ZG]",1985,
689,RU,"Inflation, consumer prices (annual %) [FP.CPI.TOTL.ZG]",1984,
690,RU,"Inflation, consumer prices (annual %) [FP.CPI.TOTL.ZG]",1983,
691,RU,"Inflation, consumer prices (annual %) [FP.CPI.TOTL.ZG]",1982,
692,RU,"Inflation, consumer prices (annual %) [FP.CPI.TOTL.ZG]",1981,
693,RU,"Inflation, consumer prices (annual %) [FP.CPI.TOTL.ZG]",1980,
694,RU,"Inflation, consumer prices (annual %) [FP.CPI.TOTL.ZG]",1979,
695,RU,"Inflation, consumer prices (annual %) [FP.CPI.TOTL.ZG]",1978,
696,RU,"Inflation, consumer prices (annual %) [FP.CPI.TOTL.ZG]",1977,
697,RU,"Inflation, consumer prices (annual %) [FP.CPI.TOTL.ZG]",1976,
698,RU,"Inflation, consumer prices (annual %) [FP.CPI.TOTL.ZG]",1975,
699,RU,"Inflation, consumer prices (annual %) [FP.CPI.TOTL.ZG]",1974,
733,RU,"GNI per capita, Atlas method (current US$) [NY.GNP.PCAP.CD]",1990,
734,RU,"GNI per capita, Atlas method (current US$) [NY.GNP.PCAP.CD]",1989,
735,RU,"GNI per capita, Atlas method (current US$) [NY.GNP.PCAP.CD]",1988,
736,RU,"GNI per capita, Atlas method (current US$) [NY.GNP.PCAP.CD]",1987,
737,RU,"GNI per capita, Atlas method (current US$) [NY.GNP.PCAP.CD]",1986,
738,RU,"GNI per capita, Atlas method (current US$) [NY.GNP.PCAP.CD]",1985,
739,RU,"GNI per capita, Atlas method (current US$) [NY.GNP.PCAP.CD]",1984,
740,RU,"GNI per capita, Atlas method (current US$) [NY.GNP.PCAP.CD]",1983,
741,RU,"GNI per capita, Atlas method (current US$) [NY.GNP.PCAP.CD]",1982,
742,RU,"GNI per capita, Atlas method (current US$) [NY.GNP.PCAP.CD]",1981,
743,RU,"GNI per capita, Atlas method (current US$) [NY.GNP.PCAP.CD]",1980,
744,RU,"GNI per capita, Atlas method (current US$) [NY.GNP.PCAP.CD]",1979,
745,RU,"GNI per capita, Atlas method (current US$) [NY.GNP.PCAP.CD]",1978,
746,RU,"GNI per capita, Atlas method (current US$) [NY.GNP.PCAP.CD]",1977,
747,RU,"GNI per capita, Atlas method (current US$) [NY.GNP.PCAP.CD]",1976,
748,RU,"GNI per capita, Atlas method (current US$) [NY.GNP.PCAP.CD]",1975,
749,RU,"GNI per capita, Atlas method (current US$) [NY.GNP.PCAP.CD]",1974,
750,RU,"External debt stocks, total (DOD, current US$) [DT.DOD.DECT.CD]",2023,
782,RU,"External debt stocks, total (DOD, current US$) [DT.DOD.DECT.CD]",1991,
783,RU,"External debt stocks, total (DOD, current US$) [DT.DOD.DECT.CD]",1990,
784,RU,"External debt stocks, total (DOD, current US$) [DT.DOD.DECT.CD]",1989,
785,RU,"External debt stocks, total (DOD, current US$) [DT.DOD.DECT.CD]",1988,
786,RU,"External debt stocks, total (DOD, current US$) [DT.DOD.DECT.CD]",1987,
787,RU,"External debt stocks, total (DOD, current US$) [DT.DOD.DECT.CD]",1986,
788,RU,"External debt stocks, total (DOD, current US$) [DT.DOD.DECT.CD]",1985,
789,RU,"External debt stocks, total (DOD, current US$) [DT.DOD.DECT.CD]",1984,
790,RU,"External debt stocks, total (DOD, current US$) [DT.DOD.DECT.CD]",1983,
791,RU,"External debt stocks, total (DOD, current US$) [DT.DOD.DECT.CD]",1982,
792,RU,"External debt stocks, total (DOD, current US$) [DT.DOD.DECT.CD]",1981,
793,RU,"External debt stocks, total (DOD, current US$) [DT.DOD.DECT.CD]",1980,
794,RU,"External debt stocks, total (DOD, current US$) [DT.DOD.DECT.CD]",1979,
795,RU,"External debt stocks, total (DOD, current US$) [DT.DOD.DECT.CD]",1978,
796,RU,"External debt stocks, total (DOD, current US$) [DT.DOD.DECT.CD]",1977,
797,RU,"External debt stocks, total (DOD, current US$) [DT.DOD.DECT.CD]",1976,
798,RU,"External debt stocks, total (DOD, current US$) [DT.DOD.DECT.CD]",1975,
799,RU,"External debt stocks, total (DOD, current US$) [DT.DOD.DECT.CD]",1974,
800,RU,"Central government debt, total (% of GDP) [GC.DOD.TOTL.GD.ZS]",2023,
819,RU,"Central government debt, total (% of GDP) [GC.DOD.TOTL.GD.ZS]",2004,
820,RU,"Central government debt, total (% of GDP) [GC.DOD.TOTL.GD.ZS]",2003,
826,RU,"Central government debt, total (% of GDP) [GC.DOD.TOTL.GD.ZS]",1997,
827,RU,"Central government debt, total (% of GDP) [GC.DOD.TOTL.GD.ZS]",1996,
828,RU,"Central government debt, total (% of GDP) [GC.DOD.TOTL.GD.ZS]",1995,
829,RU,"Central government debt, total (% of GDP) [GC.DOD.TOTL.GD.ZS]",1994,
830,RU,"Central government debt, total (% of GDP) [GC.DOD.TOTL.GD.ZS]",1993,
831,RU,"Central government debt, total (% of GDP) [GC.DOD.TOTL.GD.ZS]",1992,
832,RU,"Central government debt, total (% of GDP) [GC.DOD.TOTL.GD.ZS]",1991,
833,RU,"Central government debt, total (% of GDP) [GC.DOD.TOTL.GD.ZS]",1990,
834,RU,"Central government debt, total (% of GDP) [GC.DOD.TOTL.GD.ZS]",1989,
835,RU,"Central government debt, total (% of GDP) [GC.DOD.TOTL.GD.ZS]",1988,
836,RU,"Central government debt, total (% of GDP) [GC.DOD.TOTL.GD.ZS]",1987,
837,RU,"Central government debt, total (% of GDP) [GC.DOD.TOTL.GD.ZS]",1986,
838,RU,"Central government debt, total (% of GDP) [GC.DOD.TOTL.GD.ZS]",1985,
839,RU,"Central government debt, total (% of GDP) [GC.DOD.TOTL.GD.ZS]",1984,
840,RU,"Central government debt, total (% of GDP) [GC.DOD.TOTL.GD.ZS]",1983,
841,RU,"Central government debt, total (% of GDP) [GC.DOD.TOTL.GD.ZS]",1982,
842,RU,"Central government debt, total (% of GDP) [GC.DOD.TOTL.GD.ZS]",1981,
843,RU,"Central government debt, total (% of GDP) [GC.DOD.TOTL.GD.ZS]",1980,
844,RU,"Central government debt, total (% of GDP) [GC.DOD.TOTL.GD.ZS]",1979,
845,RU,"Central government debt, total (% of GDP) [GC.DOD.TOTL.GD.ZS]",1978,
846,RU,"Central government debt, total (% of GDP) [GC.DOD.TOTL.GD.ZS]",1977,
847,RU,"Central government debt, total (% of GDP) [GC.DOD.TOTL.GD.ZS]",1976,
848,RU,"Central government debt, total (% of GDP) [GC.DOD.TOTL.GD.ZS]",1975,
849,RU,"Central government debt, total (% of GDP) [GC.DOD.TOTL.GD.ZS]",1974,
885,RU,External balance on goods and services (current US$) [NE.RSB.GNFS.CD],1988,
886,RU,External balance on goods and services (current US$) [NE.RSB.GNFS.CD],1987,
887,RU,External balance on goods and services (current US$) [NE.RSB.GNFS.CD],1986,
888,RU,External balance on goods and services (current US$) [NE.RSB.GNFS.CD],1985,
889,RU,External balance on goods and services (current US$) [NE.RSB.GNFS.CD],1984,
890,RU,External balance on goods and services (current US$) [NE.RSB.GNFS.CD],1983,
891,RU,External balance on goods and services (current US$) [NE.RSB.GNFS.CD],1982,
892,RU,External balance on goods and services (current US$) [NE.RSB.GNFS.CD],1981,
893,RU,External balance on goods and services (current US$) [NE.RSB.GNFS.CD],1980,
894,RU,External balance on goods and services (current US$) [NE.RSB.GNFS.CD],1979,
895,RU,External balance on goods and services (current US$) [NE.RSB.GNFS.CD],1978,
896,RU,External balance on goods and services (current US$) [NE.RSB.GNFS.CD],1977,
897,RU,External balance on goods and services (current US$) [NE.RSB.GNFS.CD],1976,
898,RU,External balance on goods and services (current US$) [NE.RSB.GNFS.CD],1975,
899,RU,External balance on goods and services (current US$) [NE.RSB.GNFS.CD],1974,
900,RU,"Life expectancy at birth, total (years) [SP.DYN.LE00.IN]",2023,
950,RU,"Foreign direct investment, net inflows (BoP, current US$) [BX.KLT.DINV.CD.WD]",2023,
982,RU,"Foreign direct investment, net inflows (BoP, current US$) [BX.KLT.DINV.CD.WD]",1991,
983,RU,"Foreign direct investment, net inflows (BoP, current US$) [BX.KLT.DINV.CD.WD]",1990,
984,RU,"Foreign direct investment, net inflows (BoP, current US$) [BX.KLT.DINV.CD.WD]",1989,
985,RU,"Foreign direct investment, net inflows (BoP, current US$) [BX.KLT.DINV.CD.WD]",1988,
986,RU,"Foreign direct investment, net inflows (BoP, current US$) [BX.KLT.DINV.CD.WD]",1987,
987,RU,"Foreign direct investment, net inflows (BoP, current US$) [BX.KLT.DINV.CD.WD]",1986,
988,RU,"Foreign direct investment, net inflows (BoP, current US$) [BX.KLT.DINV.CD.WD]",1985,
989,RU,"Foreign direct investment, net inflows (BoP, current US$) [BX.KLT.DINV.CD.WD]",1984,
990,RU,"Foreign direct investment, net inflows (BoP, current US$) [BX.KLT.DINV.CD.WD]",1983,
991,RU,"Foreign direct investment, net inflows (BoP, current US$) [BX.KLT.DINV.CD.WD]",1982,
992,RU,"Foreign direct investment, net inflows (BoP, current US$) [BX.KLT.DINV.CD.WD]",1981,
993,RU,"Foreign direct investment, net inflows (BoP, current US$) [BX.KLT.DINV.CD.WD]",1980,
994,RU,"Foreign direct investment, net inflows (BoP, current US$) [BX.KLT.DINV.CD.WD]",1979,
995,RU,"Foreign direct investment, net inflows (BoP, current US$) [BX.KLT.DINV.CD.WD]",1978,
996,RU,"Foreign direct investment, net inflows (BoP, current US$) [BX.KLT.DINV.CD.WD]",1977,
997,RU,"Foreign direct investment, net inflows (BoP, current US$) [BX.KLT.DINV.CD.WD]",1976,
998,RU,"Foreign direct investment, net inflows (BoP, current US$) [BX.KLT.DINV.CD.WD]",1975,
999,RU,"Foreign direct investment, net inflows (BoP, current US$) [BX.KLT.DINV.CD.WD]",1974,
1133,IN,"Unemployment, total (% of total labor force) (modeled ILO estimate) [SL.UEM.TOTL.ZS]",1990,
1134,IN,"Unemployment, total (% of total labor force) (modeled ILO estimate) [SL.UEM.TOTL.ZS]",1989,
1135,IN,"Unemployment, total (% of total labor force) (modeled ILO estimate) [SL.UEM.TOTL.ZS]",1988,
1136,IN,"Unemployment, total (% of total labor force) (modeled ILO estimate) [SL.UEM.TOTL.ZS]",1987,
1137,IN,"Unemployment, total (% of total labor force) (modeled ILO estimate) [SL.UEM.TOTL.ZS]",1986,
1138,IN,"Unemployment, total (% of total labor force) (modeled ILO estimate) [SL.UEM.TOTL.ZS]",1985,
1139,IN,"Unemployment, total (% of total labor force) (modeled ILO estimate) [SL.UEM.TOTL.ZS]",1984,
1140,IN,"Unemployment, total (% of total labor force) (modeled ILO estimate) [SL.UEM.TOTL.ZS]",1983,
1141,IN,"Unemployment, total (% of total labor force) (modeled ILO estimate) [SL.UEM.TOTL.ZS]",1982,
1142,IN,"Unemployment, total (% of total labor force) (modeled ILO estimate) [SL.UEM.TOTL.ZS]",1981,
1143,IN,"Unemployment, total (% of total labor force) (modeled ILO estimate) [SL.UEM.TOTL.ZS]",1980,
1144,IN,"Unemployment, total (% of total labor force) (modeled ILO estimate) [SL.UEM.TOTL.ZS]",1979,
1145,IN,"Unemployment, total (% of total labor force) (modeled ILO estimate) [SL.UEM.TOTL.ZS]",1978,
1146,IN,"Unemployment, total (% of total labor force) (modeled ILO estimate) [SL.UEM.TOTL.ZS]",1977,
1147,IN,"Unemployment, total (% of total labor force) (modeled ILO estimate) [SL.UEM.TOTL.ZS]",1976,
1148,IN,"Unemployment, total (% of total labor force) (modeled ILO estimate) [SL.UEM.TOTL.ZS]",1975,
1149,IN,"Unemployment, total (% of total labor force) (modeled ILO estimate) [SL.UEM.TOTL.ZS]",1974,
1250,IN,"External debt stocks, total (DOD, current US$) [DT.DOD.DECT.CD]",2023,
1300,IN,"Central government debt, total (% of GDP) [GC.DOD.TOTL.GD.ZS]",2023,
1301,IN,"Central government debt, total (% of GDP) [GC.DOD.TOTL.GD.ZS]",2022,
1302,IN,"Central government debt, total (% of GDP) [GC.DOD.TOTL.GD.ZS]",2021,
1303,IN,"Central government debt, total (% of GDP) [GC.DOD.TOTL.GD.ZS]",2020,
1304,IN,"Central government debt, total (% of GDP) [GC.DOD.TOTL.GD.ZS]",2019,
1334,IN,"Central government debt, total (% of GDP) [GC.DOD.TOTL.GD.ZS]",1989,
1335,IN,"Central government debt, total (% of GDP) [GC.DOD.TOTL.GD.ZS]",1988,
1336,IN,"Central government debt, total (% of GDP) [GC.DOD.TOTL.GD.ZS]",1987,
1337,IN,"Central government debt, total (% of GDP) [GC.DOD.TOTL.GD.ZS]",1986,
1338,IN,"Central government debt, total (% of GDP) [GC.DOD.TOTL.GD.ZS]",1985,
1339,IN,"Central government debt, total (% of GDP) [GC.DOD.TOTL.GD.ZS]",1984,
1340,IN,"Central government debt, total (% of GDP) [GC.DOD.TOTL.GD.ZS]",1983,
1341,IN,"Central government debt, total (% of GDP) [GC.DOD.TOTL.GD.ZS]",1982,
1342,IN,"Central government debt, total (% of GDP) [GC.DOD.TOTL.GD.ZS]",1981,
1343,IN,"Central government debt, total (% of GDP) [GC.DOD.TOTL.GD.ZS]",1980,
1344,IN,"Central government debt, total (% of GDP) [GC.DOD.TOTL.GD.ZS]",1979,
1345,IN,"Central government debt, total (% of GDP) [GC.DOD.TOTL.GD.ZS]",1978,
1346,IN,"Central government debt, total (% of GDP) [GC.DOD.TOTL.GD.ZS]",1977,
1347,IN,"Central government debt, total (% of GDP) [GC.DOD.TOTL.GD.ZS]",1976,
1348,IN,"Central government debt, total (% of GDP) [GC.DOD.TOTL.GD.ZS]",1975,
1349,IN,"Central government debt, total (% of GDP) [GC.DOD.TOTL.GD.ZS]",1974,
1400,IN,"Life expectancy at birth, total (years) [SP.DYN.LE00.IN]",2023,
1450,IN,"Foreign direct investment, net inflows (BoP, current US$) [BX.KLT.DINV.CD.WD]",2023,
1633,CN,"Unemployment, total (% of total labor force) (modeled ILO estimate) [SL.UEM.TOTL.ZS]",1990,
1634,CN,"Unemployment, total (% of total labor force) (modeled ILO estimate) [SL.UEM.TOTL.ZS]",1989,
1635,CN,"Unemployment, total (% of total labor force) (modeled ILO estimate) [SL.UEM.TOTL.ZS]",1988,
1636,CN,"Unemployment, total (% of total labor force) (modeled ILO estimate) [SL.UEM.TOTL.ZS]",1987,
1637,CN,"Unemployment, total (% of total labor force) (modeled ILO estimate) [SL.UEM.TOTL.ZS]",1986,
1638,CN,"Unemployment, total (% of total labor force) (modeled ILO estimate) [SL.UEM.TOTL.ZS]",1985,
1639,CN,"Unemployment, total (% of total labor force) (modeled ILO estimate) [SL.UEM.TOTL.ZS]",1984,
1640,CN,"Unemployment, total (% of total labor force) (modeled ILO estimate) [SL.UEM.TOTL.ZS]",1983,
1641,CN,"Unemployment, total (% of total labor force) (modeled ILO estimate) [SL.UEM.TOTL.ZS]",1982,
1642,CN,"Unemployment, total (% of total labor force) (modeled ILO estimate) [SL.UEM.TOTL.ZS]",1981,
1643,CN,"Unemployment, total (% of total labor force) (modeled ILO estimate) [SL.UEM.TOTL.ZS]",1980,
1644,CN,"Unemployment, total (% of total labor force) (modeled ILO estimate) [SL.UEM.TOTL.ZS]",1979,
1645,CN,"Unemployment, total (% of total labor force) (modeled ILO estimate) [SL.UEM.TOTL.ZS]",1978,
1646,CN,"Unemployment, total (% of total labor force) (modeled ILO estimate) [SL.UEM.TOTL.ZS]",1977,
1647,CN,"Unemployment, total (% of total labor force) (modeled ILO estimate) [SL.UEM.TOTL.ZS]",1976,
1648,CN,"Unemployment, total (% of total labor force) (modeled ILO estimate) [SL.UEM.TOTL.ZS]",1975,
1649,CN,"Unemployment, total (% of total labor force) (modeled ILO estimate) [SL.UEM.TOTL.ZS]",1974,
1687,CN,"Inflation, consumer prices (annual %) [FP.CPI.TOTL.ZG]",1986,
1688,CN,"Inflation, consumer prices (annual %) [FP.CPI.TOTL.ZG]",1985,
1689,CN,"Inflation, consumer prices (annual %) [FP.CPI.TOTL.ZG]",1984,
1690,CN,"Inflation, consumer prices (annual %) [FP.CPI.TOTL.ZG]",1983,
1691,CN,"Inflation, consumer prices (annual %) [FP.CPI.TOTL.ZG]",1982,
1692,CN,"Inflation, consumer prices (annual %) [FP.CPI.TOTL.ZG]",1981,
1693,CN,"Inflation, consumer prices (annual %) [FP.CPI.TOTL.ZG]",1980,
1694,CN,"Inflation, consumer prices (annual %) [FP.CPI.TOTL.ZG]",1979,
1695,CN,"Inflation, consumer prices (annual %) [FP.CPI.TOTL.ZG]",1978,
1696,CN,"Inflation, consumer prices (annual %) [FP.CPI.TOTL.ZG]",1977,
1697,CN,"Inflation, consumer prices (annual %) [FP.CPI.TOTL.ZG]",1976,
1698,CN,"Inflation, consumer prices (annual %) [FP.CPI.TOTL.ZG]",1975,
1699,CN,"Inflation, consumer prices (annual %) [FP.CPI.TOTL.ZG]",1974,
1750,CN,"External debt stocks, total (DOD, current US$) [DT.DOD.DECT.CD]",2023,
1793,CN,"External debt stocks, total (DOD, current US$) [DT.DOD.DECT.CD]",1980,
1794,CN,"External debt stocks, total (DOD, current US$) [DT.DOD.DECT.CD]",1979,
1795,CN,"External debt stocks, total (DOD, current US$) [DT.DOD.DECT.CD]",1978,
1796,CN,"External debt stocks, total (DOD, current US$) [DT.DOD.DECT.CD]",1977,
1797,CN,"External debt stocks, total (DOD, current US$) [DT.DOD.DECT.CD]",1976,
1798,CN,"External debt stocks, total (DOD, current US$) [DT.DOD.DECT.CD]",1975,
1799,CN,"External debt stocks, total (DOD, current US$) [DT.DOD.DECT.CD]",1974,
1800,CN,"Central government debt, total (% of GDP) [GC.DOD.TOTL.GD.ZS]",2023,
1801,CN,"Central government debt, total (% of GDP) [GC.DOD.TOTL.GD.ZS]",2022,
1802,CN,"Central government debt, total (% of GDP) [GC.DOD.TOTL.GD.ZS]",2021,
1803,CN,"Central government debt, total (% of GDP) [GC.DOD.TOTL.GD.ZS]",2020,
1804,CN,"Central government debt, total (% of GDP) [GC.DOD.TOTL.GD.ZS]",2019,
1805,CN,"Central government debt, total (% of GDP) [GC.DOD.TOTL.GD.ZS]",2018,
1806,CN,"Central government debt, total (% of GDP) [GC.DOD.TOTL.GD.ZS]",2017,
1807,CN,"Central government debt, total (% of GDP) [GC.DOD.TOTL.GD.ZS]",2016,
1808,CN,"Central government debt, total (% of GDP) [GC.DOD.TOTL.GD.ZS]",2015,
1809,CN,"Central government debt, total (% of GDP) [GC.DOD.TOTL.GD.ZS]",2014,
1810,CN,"Central government debt, total (% of GDP) [GC.DOD.TOTL.GD.ZS]",2013,
1811,CN,"Central government debt, total (% of GDP) [GC.DOD.TOTL.GD.ZS]",2012,
1812,CN,"Central government debt, total (% of GDP) [GC.DOD.TOTL.GD.ZS]",2011,
1813,CN,"Central government debt, total (% of GDP) [GC.DOD.TOTL.GD.ZS]",2010,
1814,CN,"Central government debt, total (% of GDP) [GC.DOD.TOTL.GD.ZS]",2009,
1815,CN,"Central government debt, total (% of GDP) [GC.DOD.TOTL.GD.ZS]",2008,
1816,CN,"Central government debt, total (% of GDP) [GC.DOD.TOTL.GD.ZS]",2007,
1817,CN,"Central government debt, total (% of GDP) [GC.DOD.TOTL.GD.ZS]",2006,
1818,CN,"Central government debt, total (% of GDP) [GC.DOD.TOTL.GD.ZS]",2005,
1819,CN,"Central government debt, total (% of GDP) [GC.DOD.TOTL.GD.ZS]",2004,
1820,CN,"Central government debt, total (% of GDP) [GC.DOD.TOTL.GD.ZS]",2003,
1821,CN,"Central government debt, total (% of GDP) [GC.DOD.TOTL.GD.ZS]",2002,
1822,CN,"Central government debt, total (% of GDP) [GC.DOD.TOTL.GD.ZS]",2001,
1823,CN,"Central government debt, total (% of GDP) [GC.DOD.TOTL.GD.ZS]",2000,
1824,CN,"Central government debt, total (% of GDP) [GC.DOD.TOTL.GD.ZS]",1999,
1825,CN,"Central government debt, total (% of GDP) [GC.DOD.TOTL.GD.ZS]",1998,
1826,CN,"Central government debt, total (% of GDP) [GC.DOD.TOTL.GD.ZS]",1997,
1827,CN,"Central government debt, total (% of GDP) [GC.DOD.TOTL.GD.ZS]",1996,
1828,CN,"Central government debt, total (% of GDP) [GC.DOD.TOTL.GD.ZS]",1995,
1829,CN,"Central government debt, total (% of GDP) [GC.DOD.TOTL.GD.ZS]",1994,
1830,CN,"Central government debt, total (% of GDP) [GC.DOD.TOTL.GD.ZS]",1993,
1831,CN,"Central government debt, total (% of GDP) [GC.DOD.TOTL.GD.ZS]",1992,
1832,CN,"Central government debt, total (% of GDP) [GC.DOD.TOTL.GD.ZS]",1991,
1833,CN,"Central government debt, total (% of GDP) [GC.DOD.TOTL.GD.ZS]",1990,
1834,CN,"Central government debt, total (% of GDP) [GC.DOD.TOTL.GD.ZS]",1989,
1835,CN,"Central government debt, total (% of GDP) [GC.DOD.TOTL.GD.ZS]",1988,
1836,CN,"Central government debt, total (% of GDP) [GC.DOD.TOTL.GD.ZS]",1987,
1837,CN,"Central government debt, total (% of GDP) [GC.DOD.TOTL.GD.ZS]",1986,
1838,CN,"Central government debt, total (% of GDP) [GC.DOD.TOTL.GD.ZS]",1985,
1839,CN,"Central government debt, total (% of GDP) [GC.DOD.TOTL.GD.ZS]",1984,
1840,CN,"Central government debt, total (% of GDP) [GC.DOD.TOTL.GD.ZS]",1983,
1841,CN,"Central government debt, total (% of GDP) [GC.DOD.TOTL.GD.ZS]",1982,
1842,CN,"Central government debt, total (% of GDP) [GC.DOD.TOTL.GD.ZS]",1981,
1843,CN,"Central government debt, total (% of GDP) [GC.DOD.TOTL.GD.ZS]",1980,
1844,CN,"Central government debt, total (% of GDP) [GC.DOD.TOTL.GD.ZS]",1979,
1845,CN,"Central government debt, total (% of GDP) [GC.DOD.TOTL.GD.ZS]",1978,
1846,CN,"Central government debt, total (% of GDP) [GC.DOD.TOTL.GD.ZS]",1977,
1847,CN,"Central government debt, total (% of GDP) [GC.DOD.TOTL.GD.ZS]",1976,
1848,CN,"Central government debt, total (% of GDP) [GC.DOD.TOTL.GD.ZS]",1975,
1849,CN,"Central government debt, total (% of GDP) [GC.DOD.TOTL.GD.ZS]",1974,
1900,CN,"Life expectancy at birth, total (years) [SP.DYN.LE00.IN]",2023,
1950,CN,"Foreign direct investment, net inflows (BoP, current US$) [BX.KLT.DINV.CD.WD]",2023,
1995,CN,"Foreign direct investment, net inflows (BoP, current US$) [BX.KLT.DINV.CD.WD]",1978,
1996,CN,"Foreign direct investment, net inflows (BoP, current US$) [BX.KLT.DINV.CD.WD]",1977,
1997,CN,"Foreign direct investment, net inflows (BoP, current US$) [BX.KLT.DINV.CD.WD]",1976,
1998,CN,"Foreign direct investment, net inflows (BoP, current US$) [BX.KLT.DINV.CD.WD]",1975,
1999,CN,"Foreign direct investment, net inflows (BoP, current US$) [BX.KLT.DINV.CD.WD]",1974,
2133,ZA,"Unemployment, total (% of total labor force) (modeled ILO estimate) [SL.UEM.TOTL.ZS]",1990,
2134,ZA,"Unemployment, total (% of total labor force) (modeled ILO estimate) [SL.UEM.TOTL.ZS]",1989,
2135,ZA,"Unemployment, total (% of total labor force) (modeled ILO estimate) [SL.UEM.TOTL.ZS]",1988,
2136,ZA,"Unemployment, total (% of total labor force) (modeled ILO estimate) [SL.UEM.TOTL.ZS]",1987,
2137,ZA,"Unemployment, total (% of total labor force) (modeled ILO estimate) [SL.UEM.TOTL.ZS]",1986,
2138,ZA,"Unemployment, total (% of total labor force) (modeled ILO estimate) [SL.UEM.TOTL.ZS]",1985,
2139,ZA,"Unemployment, total (% of total labor force) (modeled ILO estimate) [SL.UEM.TOTL.ZS]",1984,
2140,ZA,"Unemployment, total (% of total labor force) (modeled ILO estimate) [SL.UEM.TOTL.ZS]",1983,
2141,ZA,"Unemployment, total (% of total labor force) (modeled ILO estimate) [SL.UEM.TOTL.ZS]",1982,
2142,ZA,"Unemployment, total (% of total labor force) (modeled ILO estimate) [SL.UEM.TOTL.ZS]",1981,
2143,ZA,"Unemployment, total (% of total labor force) (modeled ILO estimate) [SL.UEM.TOTL.ZS]",1980,
2144,ZA,"Unemployment, total (% of total labor force) (modeled ILO estimate) [SL.UEM.TOTL.ZS]",1979,
2145,ZA,"Unemployment, total (% of total labor force) (modeled ILO estimate) [SL.UEM.TOTL.ZS]",1978,
2146,ZA,"Unemployment, total (% of total labor force) (modeled ILO estimate) [SL.UEM.TOTL.ZS]",1977,
2147,ZA,"Unemployment, total (% of total labor force) (modeled ILO estimate) [SL.UEM.TOTL.ZS]",1976,
2148,ZA,"Unemployment, total (% of total labor force) (modeled ILO estimate) [SL.UEM.TOTL.ZS]",1975,
2149,ZA,"Unemployment, total (% of total labor force) (modeled ILO estimate) [SL.UEM.TOTL.ZS]",1974,
2250,ZA,"External debt stocks, total (DOD, current US$) [DT.DOD.DECT.CD]",2023,
2280,ZA,"External debt stocks, total (DOD, current US$) [DT.DOD.DECT.CD]",1993,
2281,ZA,"External debt stocks, total (DOD, current US$) [DT.DOD.DECT.CD]",1992,
2282,ZA,"External debt stocks, total (DOD, current US$) [DT.DOD.DECT.CD]",1991,
2283,ZA,"External debt stocks, total (DOD, current US$) [DT.DOD.DECT.CD]",1990,
2284,ZA,"External debt stocks, total (DOD, current US$) [DT.DOD.DECT.CD]",1989,
2285,ZA,"External debt stocks, total (DOD, current US$) [DT.DOD.DECT.CD]",1988,
2286,ZA,"External debt stocks, total (DOD, current US$) [DT.DOD.DECT.CD]",1987,
2287,ZA,"External debt stocks, total (DOD, current US$) [DT.DOD.DECT.CD]",1986,
2288,ZA,"External debt stocks, total (DOD, current US$) [DT.DOD.DECT.CD]",1985,
2289,ZA,"External debt stocks, total (DOD, current US$) [DT.DOD.DECT.CD]",1984,
2290,ZA,"External debt stocks, total (DOD, current US$) [DT.DOD.DECT.CD]",1983,
2291,ZA,"External debt stocks, total (DOD, current US$) [DT.DOD.DECT.CD]",1982,
2292,ZA,"External debt stocks, total (DOD, current US$) [DT.DOD.DECT.CD]",1981,
2293,ZA,"External debt stocks, total (DOD, current US$) [DT.DOD.DECT.CD]",1980,
2294,ZA,"External debt stocks, total (DOD, current US$) [DT.DOD.DECT.CD]",1979,
2295,ZA,"External debt stocks, total (DOD, current US$) [DT.DOD.DECT.CD]",1978,
2296,ZA,"External debt stocks, total (DOD, current US$) [DT.DOD.DECT.CD]",1977,
2297,ZA,"External debt stocks, total (DOD, current US$) [DT.DOD.DECT.CD]",1976,
2298,ZA,"External debt stocks, total (DOD, current US$) [DT.DOD.DECT.CD]",1975,
2299,ZA,"External debt stocks, total (DOD, current US$) [DT.DOD.DECT.CD]",1974,
2300,ZA,"Central government debt, total (% of GDP) [GC.DOD.TOTL.GD.ZS]",2023,
2309,ZA,"Central government debt, total (% of GDP) [GC.DOD.TOTL.GD.ZS]",2014,
2310,ZA,"Central government debt, total (% of GDP) [GC.DOD.TOTL.GD.ZS]",2013,
2311,ZA,"Central government debt, total (% of GDP) [GC.DOD.TOTL.GD.ZS]",2012,
2312,ZA,"Central government debt, total (% of GDP) [GC.DOD.TOTL.GD.ZS]",2011,
2313,ZA,"Central government debt, total (% of GDP) [GC.DOD.TOTL.GD.ZS]",2010,
2314,ZA,"Central government debt, total (% of GDP) [GC.DOD.TOTL.GD.ZS]",2009,
2315,ZA,"Central government debt, total (% of GDP) [GC.DOD.TOTL.GD.ZS]",2008,
2316,ZA,"Central government debt, total (% of GDP) [GC.DOD.TOTL.GD.ZS]",2007,
2317,ZA,"Central government debt, total (% of GDP) [GC.DOD.TOTL.GD.ZS]",2006,
2318,ZA,"Central government debt, total (% of GDP) [GC.DOD.TOTL.GD.ZS]",2005,
2319,ZA,"Central government debt, total (% of GDP) [GC.DOD.TOTL.GD.ZS]",2004,
2320,ZA,"Central government debt, total (% of GDP) [GC.DOD.TOTL.GD.ZS]",2003,
2321,ZA,"Central government debt, total (% of GDP) [GC.DOD.TOTL.GD.ZS]",2002,
2322,ZA,"Central government debt, total (% of GDP) [GC.DOD.TOTL.GD.ZS]",2001,
2334,ZA,"Central government debt, total (% of GDP) [GC.DOD.TOTL.GD.ZS]",1989,
2335,ZA,"Central government debt, total (% of GDP) [GC.DOD.TOTL.GD.ZS]",1988,
2336,ZA,"Central government debt, total (% of GDP) [GC.DOD.TOTL.GD.ZS]",1987,
2337,ZA,"Central government debt, total (% of GDP) [GC.DOD.TOTL.GD.ZS]",1986,
2338,ZA,"Central government debt, total (% of GDP) [GC.DOD.TOTL.GD.ZS]",1985,
2339,ZA,"Central government debt, total (% of GDP) [GC.DOD.TOTL.GD.ZS]",1984,
2340,ZA,"Central government debt, total (% of GDP) [GC.DOD.TOTL.GD.ZS]",1983,
2341,ZA,"Central government debt, total (% of GDP) [GC.DOD.TOTL.GD.ZS]",1982,
2342,ZA,"Central government debt, total (% of GDP) [GC.DOD.TOTL.GD.ZS]",1981,
2343,ZA,"Central government debt, total (% of GDP) [GC.DOD.TOTL.GD.ZS]",1980,
2344,ZA,"Central government debt, total (% of GDP) [GC.DOD.TOTL.GD.ZS]",1979,
2345,ZA,"Central government debt, total (% of GDP) [GC.DOD.TOTL.GD.ZS]",1978,
2346,ZA,"Central government debt, total (% of GDP) [GC.DOD.TOTL.GD.ZS]",1977,
2347,ZA,"Central government debt, total (% of GDP) [GC.DOD.TOTL.GD.ZS]",1976,
2348,ZA,"Central government debt, total (% of GDP) [GC.DOD.TOTL.GD.ZS]",1975,
2349,ZA,"Central government debt, total (% of GDP) [GC.DOD.TOTL.GD.ZS]",1974,
2400,ZA,"Life expectancy at birth, total (years) [SP.DYN.LE00.IN]",2023,
2450,ZA,"Foreign direct investment, net inflows (BoP, current US$) [BX.KLT.DINV.CD.WD]",2023,
2633,US,"Unemployment, total (% of total labor force) (modeled ILO estimate) [SL.UEM.TOTL.ZS]",1990,
2634,US,"Unemployment, total (% of total labor force) (modeled ILO estimate) [SL.UEM.TOTL.ZS]",1989,
2635,US,"Unemployment, total (% of total labor force) (modeled ILO estimate) [SL.UEM.TOTL.ZS]",1988,
2636,US,"Unemployment, total (% of total labor force) (modeled ILO estimate) [SL.UEM.TOTL.ZS]",1987,
2637,US,"Unemployment, total (% of total labor force) (modeled ILO estimate) [SL.UEM.TOTL.ZS]",1986,
2638,US,"Unemployment, total (% of total labor force) (modeled ILO estimate) [SL.UEM.TOTL.ZS]",1985,
2639,US,"Unemployment, total (% of total labor force) (modeled ILO estimate) [SL.UEM.TOTL.ZS]",1984,
2640,US,"Unemployment, total (% of total labor force) (modeled ILO estimate) [SL.UEM.TOTL.ZS]",1983,
2641,US,"Unemployment, total (% of total labor force) (modeled ILO estimate) [SL.UEM.TOTL.ZS]",1982,
2642,US,"Unemployment, total (% of total labor force) (modeled ILO estimate) [SL.UEM.TOTL.ZS]",1981,
2643,US,"Unemployment, total (% of total labor force) (modeled ILO estimate) [SL.UEM.TOTL.ZS]",1980,
2644,US,"Unemployment, total (% of total labor force) (modeled ILO estimate) [SL.UEM.TOTL.ZS]",1979,
2645,US,"Unemployment, total (% of total labor force) (modeled ILO estimate) [SL.UEM.TOTL.ZS]",1978,
2646,US,"Unemployment, total (% of total labor force) (modeled ILO estimate) [SL.UEM.TOTL.ZS]",1977,
2647,US,"Unemployment, total (% of total labor force) (modeled ILO estimate) [SL.UEM.TOTL.ZS]",1976,
2648,US,"Unemployment, total (% of total labor force) (modeled ILO estimate) [SL.UEM.TOTL.ZS]",1975,
2649,US,"Unemployment, total (% of total labor force) (modeled ILO estimate) [SL.UEM.TOTL.ZS]",1974,
2750,US,"External debt stocks, total (DOD, current US$) [DT.DOD.DECT.CD]",2023,
2751,US,"External debt stocks, total (DOD, current US$) [DT.DOD.DECT.CD]",2022,
2752,US,"External debt stocks, total (DOD, current US$) [DT.DOD.DECT.CD]",2021,
2753,US,"External debt stocks, total (DOD, current US$) [DT.DOD.DECT.CD]",2020,
2754,US,"External debt stocks, total (DOD, current US$) [DT.DOD.DECT.CD]",2019,
2755,US,"External debt stocks, total (DOD, current US$) [DT.DOD.DECT.CD]",2018,
2756,US,"External debt stocks, total (DOD, current US$) [DT.DOD.DECT.CD]",2017,
2757,US,"External debt stocks, total (DOD, current US$) [DT.DOD.DECT.CD]",2016,
2758,US,"External debt stocks, total (DOD, current US$) [DT.DOD.DECT.CD]",2015,
2759,US,"External debt stocks, total (DOD, current US$) [DT.DOD.DECT.CD]",2014,
2760,US,"External debt stocks, total (DOD, current US$) [DT.DOD.DECT.CD]",2013,
2761,US,"External debt stocks, total (DOD, current US$) [DT.DOD.DECT.CD]",2012,
2762,US,"External debt stocks, total (DOD, current US$) [DT.DOD.DECT.CD]",2011,
2763,US,"External debt stocks, total (DOD, current US$) [DT.DOD.DECT.CD]",2010,
2764,US,"External debt stocks, total (DOD, current US$) [DT.DOD.DECT.CD]",2009,
2765,US,"External debt stocks, total (DOD, current US$) [DT.DOD.DECT.CD]",2008,
2766,US,"External debt stocks, total (DOD, current US$) [DT.DOD.DECT.CD]",2007,
2767,US,"External debt stocks, total (DOD, current US$) [DT.DOD.DECT.CD]",2006,
2768,US,"External debt stocks, total (DOD, current US$) [DT.DOD.DECT.CD]",2005,
2769,US,"External debt stocks, total (DOD, current US$) [DT.DOD.DECT.CD]",2004,
2770,US,"External debt stocks, total (DOD, current US$) [DT.DOD.DECT.CD]",2003,
2771,US,"External debt stocks, total (DOD, current US$) [DT.DOD.DECT.CD]",2002,
2772,US,"External debt stocks, total (DOD, current US$) [DT.DOD.DECT.CD]",2001,
2773,US,"External debt stocks, total (DOD, current US$) [DT.DOD.DECT.CD]",2000,
2774,US,"External debt stocks, total (DOD, current US$) [DT.DOD.DECT.CD]",1999,
2775,US,"External debt stocks, total (DOD, current US$) [DT.DOD.DECT.CD]",1998,
2776,US,"External debt stocks, total (DOD, current US$) [DT.DOD.DECT.CD]",1997,
2777,US,"External debt stocks, total (DOD, current US$) [DT.DOD.DECT.CD]",1996,
2778,US,"External debt stocks, total (DOD, current US$) [DT.DOD.DECT.CD]",1995,
2779,US,"External debt stocks, total (DOD, current US$) [DT.DOD.DECT.CD]",1994,
2780,US,"External debt stocks, total (DOD, current US$) [DT.DOD.DECT.CD]",1993,
2781,US,"External debt stocks, total (DOD, current US$) [DT.DOD.DECT.CD]",1992,
2782,US,"External debt stocks, total (DOD, current US$) [DT.DOD.DECT.CD]",1991,
2783,US,"External debt stocks, total (DOD, current US$) [DT.DOD.DECT.CD]",1990,
2784,US,"External debt stocks, total (DOD, current US$) [DT.DOD.DECT.CD]",1989,
2785,US,"External debt stocks, total (DOD, current US$) [DT.DOD.DECT.CD]",1988,
2786,US,"External debt stocks, total (DOD, current US$) [DT.DOD.DECT.CD]",1987,
2787,US,"External debt stocks, total (DOD, current US$) [DT.DOD.DECT.CD]",1986,
2788,US,"External debt stocks, total (DOD, current US$) [DT.DOD.DECT.CD]",1985,
2789,US,"External debt stocks, total (DOD, current US$) [DT.DOD.DECT.CD]",1984,
2790,US,"External debt stocks, total (DOD, current US$) [DT.DOD.DECT.CD]",1983,
2791,US,"External debt stocks, total (DOD, current US$) [DT.DOD.DECT.CD]",1982,
2792,US,"External debt stocks, total (DOD, current US$) [DT.DOD.DECT.CD]",1981,
2793,US,"External debt stocks, total (DOD, current US$) [DT.DOD.DECT.CD]",1980,
2794,US,"External debt stocks, total (DOD, current US$) [DT.DOD.DECT.CD]",1979,
2795,US,"External debt stocks, total (DOD, current US$) [DT.DOD.DECT.CD]",1978,
2796,US,"External debt stocks, total (DOD, current US$) [DT.DOD.DECT.CD]",1977,
2797,US,"External debt stocks, total (DOD, current US$) [DT.DOD.DECT.CD]",1976,
2798,US,"External debt stocks, total (DOD, current US$) [DT.DOD.DECT.CD]",1975,
2799,US,"External debt stocks, total (DOD, current US$) [DT.DOD.DECT.CD]",1974,
2800,US,"Central government debt, total (% of GDP) [GC.DOD.TOTL.GD.ZS]",2023,
2835,US,"Central government debt, total (% of GDP) [GC.DOD.TOTL.GD.ZS]",1988,
2836,US,"Central government debt, total (% of GDP) [GC.DOD.TOTL.GD.ZS]",1987,
2837,US,"Central government debt, total (% of GDP) [GC.DOD.TOTL.GD.ZS]",1986,
2838,US,"Central government debt, total (% of GDP) [GC.DOD.TOTL.GD.ZS]",1985,
2839,US,"Central government debt, total (% of GDP) [GC.DOD.TOTL.GD.ZS]",1984,
2840,US,"Central government debt, total (% of GDP) [GC.DOD.TOTL.GD.ZS]",1983,
2841,US,"Central government debt, total (% of GDP) [GC.DOD.TOTL.GD.ZS]",1982,
2842,US,"Central government debt, total (% of GDP) [GC.DOD.TOTL.GD.ZS]",1981,
2843,US,"Central government debt, total (% of GDP) [GC.DOD.TOTL.GD.ZS]",1980,
2844,US,"Central government debt, total (% of GDP) [GC.DOD.TOTL.GD.ZS]",1979,
2845,US,"Central government debt, total (% of GDP) [GC.DOD.TOTL.GD.ZS]",1978,
2846,US,"Central government debt, total (% of GDP) [GC.DOD.TOTL.GD.ZS]",1977,
2847,US,"Central government debt, total (% of GDP) [GC.DOD.TOTL.GD.ZS]",1976,
2848,US,"Central government debt, total (% of GDP) [GC.DOD.TOTL.GD.ZS]",1975,
2849,US,"Central government debt, total (% of GDP) [GC.DOD.TOTL.GD.ZS]",1974,
2850,US,External balance on goods and services (current US$) [NE.RSB.GNFS.CD],2023,
2900,US,"Life expectancy at birth, total (years) [SP.DYN.LE00.IN]",2023,
2950,US,"Foreign direct investment, net inflows (BoP, current US$) [BX.KLT.DINV.CD.WD]",2023,
3133,GB,"Unemployment, total (% of total labor force) (modeled ILO estimate) [SL.UEM.TOTL.ZS]",1990,
3134,GB,"Unemployment, total (% of total labor force) (modeled ILO estimate) [SL.UEM.TOTL.ZS]",1989,
3135,GB,"Unemployment, total (% of total labor force) (modeled ILO estimate) [SL.UEM.TOTL.ZS]",1988,
3136,GB,"Unemployment, total (% of total labor force) (modeled ILO estimate) [SL.UEM.TOTL.ZS]",1987,
3137,GB,"Unemployment, total (% of total labor force) (modeled ILO estimate) [SL.UEM.TOTL.ZS]",1986,
3138,GB,"Unemployment, total (% of total labor force) (modeled ILO estimate) [SL.UEM.TOTL.ZS]",1985,
3139,GB,"Unemployment, total (% of total labor force) (modeled ILO estimate) [SL.UEM.TOTL.ZS]",1984,
3140,GB,"Unemployment, total (% of total labor force) (modeled ILO estimate) [SL.UEM.TOTL.ZS]",1983,
3141,GB,"Unemployment, total (% of total labor force) (modeled ILO estimate) [SL.UEM.TOTL.ZS]",1982,
3142,GB,"Unemployment, total (% of total labor force) (modeled ILO estimate) [SL.UEM.TOTL.ZS]",1981,
3143,GB,"Unemployment, total (% of total labor force) (modeled ILO estimate) [SL.UEM.TOTL.ZS]",1980,
3144,GB,"Unemployment, total (% of total labor force) (modeled ILO estimate) [SL.UEM.TOTL.ZS]",1979,
3145,GB,"Unemployment, total (% of total labor force) (modeled ILO estimate) [SL.UEM.TOTL.ZS]",1978,
3146,GB,"Unemployment, total (% of total labor force) (modeled ILO estimate) [SL.UEM.TOTL.ZS]",1977,
3147,GB,"Unemployment, total (% of total labor force) (modeled ILO estimate) [SL.UEM.TOTL.ZS]",1976,
3148,GB,"Unemployment, total (% of total labor force) (modeled ILO estimate) [SL.UEM.TOTL.ZS]",1975,
3149,GB,"Unemployment, total (% of total labor force) (modeled ILO estimate) [SL.UEM.TOTL.ZS]",1974,
3250,GB,"External debt stocks, total (DOD, current US$) [DT.DOD.DECT.CD]",2023,
3251,GB,"External debt stocks, total (DOD, current US$) [DT.DOD.DECT.CD]",2022,
3252,GB,"External debt stocks, total (DOD, current US$) [DT.DOD.DECT.CD]",2021,
3253,GB,"External debt stocks, total (DOD, current US$) [DT.DOD.DECT.CD]",2020,
3254,GB,"External debt stocks, total (DOD, current US$) [DT.DOD.DECT.CD]",2019,
3255,GB,"External debt stocks, total (DOD, current US$) [DT.DOD.DECT.CD]",2018,
3256,GB,"External debt stocks, total (DOD, current US$) [DT.DOD.DECT.CD]",2017,
3257,GB,"External debt stocks, total (DOD, current US$) [DT.DOD.DECT.CD]",2016,
3258,GB,"External debt stocks, total (DOD, current US$) [DT.DOD.DECT.CD]",2015,
3259,GB,"External debt stocks, total (DOD, current US$) [DT.DOD.DECT.CD]",2014,
3260,GB,"External debt stocks, total (DOD, current US$) [DT.DOD.DECT.CD]",2013,
3261,GB,"External debt stocks, total (DOD, current US$) [DT.DOD.DECT.CD]",2012,
3262,GB,"External debt stocks, total (DOD, current US$) [DT.DOD.DECT.CD]",2011,
3263,GB,"External debt stocks, total (DOD, current US$) [DT.DOD.DECT.CD]",2010,
3264,GB,"External debt stocks, total (DOD, current US$) [DT.DOD.DECT.CD]",2009,
3265,GB,"External debt stocks, total (DOD, current US$) [DT.DOD.DECT.CD]",2008,
3266,GB,"External debt stocks, total (DOD, current US$) [DT.DOD.DECT.CD]",2007,
3267,GB,"External debt stocks, total (DOD, current US$) [DT.DOD.DECT.CD]",2006,
3268,GB,"External debt stocks, total (DOD, current US$) [DT.DOD.DECT.CD]",2005,
3269,GB,"External debt stocks, total (DOD, current US$) [DT.DOD.DECT.CD]",2004,
3270,GB,"External debt stocks, total (DOD, current US$) [DT.DOD.DECT.CD]",2003,
3271,GB,"External debt stocks, total (DOD, current US$) [DT.DOD.DECT.CD]",2002,
3272,GB,"External debt stocks, total (DOD, current US$) [DT.DOD.DECT.CD]",2001,
3273,GB,"External debt stocks, total (DOD, current US$) [DT.DOD.DECT.CD]",2000,
3274,GB,"External debt stocks, total (DOD, current US$) [DT.DOD.DECT.CD]",1999,
3275,GB,"External debt stocks, total (DOD, current US$) [DT.DOD.DECT.CD]",1998,
3276,GB,"External debt stocks, total (DOD, current US$) [DT.DOD.DECT.CD]",1997,
3277,GB,"External debt stocks, total (DOD, current US$) [DT.DOD.DECT.CD]",1996,
3278,GB,"External debt stocks, total (DOD, current US$) [DT.DOD.DECT.CD]",1995,
3279,GB,"External debt stocks, total (DOD, current US$) [DT.DOD.DECT.CD]",1994,
3280,GB,"External debt stocks, total (DOD, current US$) [DT.DOD.DECT.CD]",1993,
3281,GB,"External debt stocks, total (DOD, current US$) [DT.DOD.DECT.CD]",1992,
3282,GB,"External debt stocks, total (DOD, current US$) [DT.DOD.DECT.CD]",1991,
3283,GB,"External debt stocks, total (DOD, current US$) [DT.DOD.DECT.CD]",1990,
3284,GB,"External debt stocks, total (DOD, current US$) [DT.DOD.DECT.CD]",1989,
3285,GB,"External debt stocks, total (DOD, current US$) [DT.DOD.DECT.CD]",1988,
3286,GB,"External debt stocks, total (DOD, current US$) [DT.DOD.DECT.CD]",1987,
3287,GB,"External debt stocks, total (DOD, current US$) [DT.DOD.DECT.CD]",1986,
3288,GB,"External debt stocks, total (DOD, current US$) [DT.DOD.DECT.CD]",1985,
3289,GB,"External debt stocks, total (DOD, current US$) [DT.DOD.DECT.CD]",1984,
3290,GB,"External debt stocks, total (DOD, current US$) [DT.DOD.DECT.CD]",1983,
3291,GB,"External debt stocks, total (DOD, current US$) [DT.DOD.DECT.CD]",1982,
3292,GB,"External debt stocks, total (DOD, current US$) [DT.DOD.DECT.CD]",1981,
3293,GB,"External debt stocks, total (DOD, current US$) [DT.DOD.DECT.CD]",1980,
3294,GB,"External debt stocks, total (DOD, current US$) [DT.DOD.DECT.CD]",1979,
3295,GB,"External debt stocks, total (DOD, current US$) [DT.DOD.DECT.CD]",1978,
3296,GB,"External debt stocks, total (DOD, current US$) [DT.DOD.DECT.CD]",1977,
3297,GB,"External debt stocks, total (DOD, current US$) [DT.DOD.DECT.CD]",1976,
3298,GB,"External debt stocks, total (DOD, current US$) [DT.DOD.DECT.CD]",1975,
3299,GB,"External debt stocks, total (DOD, current US$) [DT.DOD.DECT.CD]",1974,
3300,GB,"Central government debt, total (% of GDP) [GC.DOD.TOTL.GD.ZS]",2023,
3334,GB,"Central government debt, total (% of GDP) [GC.DOD.TOTL.GD.ZS]",1989,
3335,GB,"Central government debt, total (% of GDP) [GC.DOD.TOTL.GD.ZS]",1988,
3336,GB,"Central government debt, total (% of GDP) [GC.DOD.TOTL.GD.ZS]",1987,
3337,GB,"Central government debt, total (% of GDP) [GC.DOD.TOTL.GD.ZS]",1986,
3338,GB,"Central government debt, total (% of GDP) [GC.DOD.TOTL.GD.ZS]",1985,
3339,GB,"Central government debt, total (% of GDP) [GC.DOD.TOTL.GD.ZS]",1984,
3340,GB,"Central government debt, total (% of GDP) [GC.DOD.TOTL.GD.ZS]",1983,
3341,GB,"Central government debt, total (% of GDP) [GC.DOD.TOTL.GD.ZS]",1982,
3342,GB,"Central government debt, total (% of GDP) [GC.DOD.TOTL.GD.ZS]",1981,
3343,GB,"Central government debt, total (% of GDP) [GC.DOD.TOTL.GD.ZS]",1980,
3344,GB,"Central government debt, total (% of GDP) [GC.DOD.TOTL.GD.ZS]",1979,
3345,GB,"Central government debt, total (% of GDP) [GC.DOD.TOTL.GD.ZS]",1978,
3346,GB,"Central government debt, total (% of GDP) [GC.DOD.TOTL.GD.ZS]",1977,
3347,GB,"Central government debt, total (% of GDP) [GC.DOD.TOTL.GD.ZS]",1976,
3348,GB,"Central government debt, total (% of GDP) [GC.DOD.TOTL.GD.ZS]",1975,
3349,GB,"Central government debt, total (% of GDP) [GC.DOD.TOTL.GD.ZS]",1974,
3400,GB,"Life expectancy at birth, total (years) [SP.DYN.LE00.IN]",2023,
3450,GB,"Foreign direct investment, net inflows (BoP, current US$) [BX.KLT.DINV.CD.WD]",2023,
3633,FR,"Unemployment, total (% of total labor force) (modeled ILO estimate) [SL.UEM.TOTL.ZS]",1990,
3634,FR,"Unemployment, total (% of total labor force) (modeled ILO estimate) [SL.UEM.TOTL.ZS]",1989,
3635,FR,"Unemployment, total (% of total labor force) (modeled ILO estimate) [SL.UEM.TOTL.ZS]",1988,
3636,FR,"Unemployment, total (% of total labor force) (modeled ILO estimate) [SL.UEM.TOTL.ZS]",1987,
3637,FR,"Unemployment, total (% of total labor force) (modeled ILO estimate) [SL.UEM.TOTL.ZS]",1986,
3638,FR,"Unemployment, total (% of total labor force) (modeled ILO estimate) [SL.UEM.TOTL.ZS]",1985,
3639,FR,"Unemployment, total (% of total labor force) (modeled ILO estimate) [SL.UEM.TOTL.ZS]",1984,
3640,FR,"Unemployment, total (% of total labor force) (modeled ILO estimate) [SL.UEM.TOTL.ZS]",1983,
3641,FR,"Unemployment, total (% of total labor force) (modeled ILO estimate) [SL.UEM.TOTL.ZS]",1982,
3642,FR,"Unemployment, total (% of total labor force) (modeled ILO estimate) [SL.UEM.TOTL.ZS]",1981,
3643,FR,"Unemployment, total (% of total labor force) (modeled ILO estimate) [SL.UEM.TOTL.ZS]",1980,
3644,FR,"Unemployment, total (% of total labor force) (modeled ILO estimate) [SL.UEM.TOTL.ZS]",1979,
3645,FR,"Unemployment, total (% of total labor force) (modeled ILO estimate) [SL.UEM.TOTL.ZS]",1978,
3646,FR,"Unemployment, total (% of total labor force) (modeled ILO estimate) [SL.UEM.TOTL.ZS]",1977,
3647,FR,"Unemployment, total (% of total labor force) (modeled ILO estimate) [SL.UEM.TOTL.ZS]",1976,
3648,FR,"Unemployment, total (% of total labor force) (modeled ILO estimate) [SL.UEM.TOTL.ZS]",1975,
3649,FR,"Unemployment, total (% of total labor force) (modeled ILO estimate) [SL.UEM.TOTL.ZS]",1974,
3750,FR,"External debt stocks, total (DOD, current US$) [DT.DOD.DECT.CD]",2023,
3751,FR,"External debt stocks, total (DOD, current US$) [DT.DOD.DECT.CD]",2022,
3752,FR,"External debt stocks, total (DOD, current US$) [DT.DOD.DECT.CD]",2021,
3753,FR,"External debt stocks, total (DOD, current US$) [DT.DOD.DECT.CD]",2020,
3754,FR,"External debt stocks, total (DOD, current US$) [DT.DOD.DECT.CD]",2019,
3755,FR,"External debt stocks, total (DOD, current US$) [DT.DOD.DECT.CD]",2018,
3756,FR,"External debt stocks, total (DOD, current US$) [DT.DOD.DECT.CD]",2017,
3757,FR,"External debt stocks, total (DOD, current US$) [DT.DOD.DECT.CD]",2016,
3758,FR,"External debt stocks, total (DOD, current US$) [DT.DOD.DECT.CD]",2015,
3759,FR,"External debt stocks, total (DOD, current US$) [DT.DOD.DECT.CD]",2014,
3760,FR,"External debt stocks, total (DOD, current US$) [DT.DOD.DECT.CD]",2013,
3761,FR,"External debt stocks, total (DOD, current US$) [DT.DOD.DECT.CD]",2012,
3762,FR,"External debt stocks, total (DOD, current US$) [DT.DOD.DECT.CD]",2011,
3763,FR,"External debt stocks, total (DOD, current US$) [DT.DOD.DECT.CD]",2010,
3764,FR,"External debt stocks, total (DOD, current US$) [DT.DOD.DECT.CD]",2009,
3765,FR,"External debt stocks, total (DOD, current US$) [DT.DOD.DECT.CD]",2008,
3766,FR,"External debt stocks, total (DOD, current US$) [DT.DOD.DECT.CD]",2007,
3767,FR,"External debt stocks, total (DOD, current US$) [DT.DOD.DECT.CD]",2006,
3768,FR,"External debt stocks, total (DOD, current US$) [DT.DOD.DECT.CD]",2005,
3769,FR,"External debt stocks, total (DOD, current US$) [DT.DOD.DECT.CD]",2004,
3770,FR,"External debt stocks, total (DOD, current US$) [DT.DOD.DECT.CD]",2003,
3771,FR,"External debt stocks, total (DOD, current US$) [DT.DOD.DECT.CD]",2002,
3772,FR,"External debt stocks, total (DOD, current US$) [DT.DOD.DECT.CD]",2001,
3773,FR,"External debt stocks, total (DOD, current US$) [DT.DOD.DECT.CD]",2000,
3774,FR,"External debt stocks, total (DOD, current US$) [DT.DOD.DECT.CD]",1999,
3775,FR,"External debt stocks, total (DOD, current US$) [DT.DOD.DECT.CD]",1998,
3776,FR,"External debt stocks, total (DOD, current US$) [DT.DOD.DECT.CD]",1997,
3777,FR,"External debt stocks, total (DOD, current US$) [DT.DOD.DECT.CD]",1996,
3778,FR,"External debt stocks, total (DOD, current US$) [DT.DOD.DECT.CD]",1995,
3779,FR,"External debt stocks, total (DOD, current US$) [DT.DOD.DECT.CD]",1994,
3780,FR,"External debt stocks, total (DOD, current US$) [DT.DOD.DECT.CD]",1993,
3781,FR,"External debt stocks, total (DOD, current US$) [DT.DOD.DECT.CD]",1992,
3782,FR,"External debt stocks, total (DOD, current US$) [DT.DOD.DECT.CD]",1991,
3783,FR,"External debt stocks, total (DOD, current US$) [DT.DOD.DECT.CD]",1990,
3784,FR,"External debt stocks, total (DOD, current US$) [DT.DOD.DECT.CD]",1989,
3785,FR,"External debt stocks, total (DOD, current US$) [DT.DOD.DECT.CD]",1988,
3786,FR,"External debt stocks, total (DOD, current US$) [DT.DOD.DECT.CD]",1987,
3787,FR,"External debt stocks, total (DOD, current US$) [DT.DOD.DECT.CD]",1986,
3788,FR,"External debt stocks, total (DOD, current US$) [DT.DOD.DECT.CD]",1985,
3789,FR,"External debt stocks, total (DOD, current US$) [DT.DOD.DECT.CD]",1984,
3790,FR,"External debt stocks, total (DOD, current US$) [DT.DOD.DECT.CD]",1983,
3791,FR,"External debt stocks, total (DOD, current US$) [DT.DOD.DECT.CD]",1982,
3792,FR,"External debt stocks, total (DOD, current US$) [DT.DOD.DECT.CD]",1981,
3793,FR,"External debt stocks, total (DOD, current US$) [DT.DOD.DECT.CD]",1980,
3794,FR,"External debt stocks, total (DOD, current US$) [DT.DOD.DECT.CD]",1979,
3795,FR,"External debt stocks, total (DOD, current US$) [DT.DOD.DECT.CD]",1978,
3796,FR,"External debt stocks, total (DOD, current US$) [DT.DOD.DECT.CD]",1977,
3797,FR,"External debt stocks, total (DOD, current US$) [DT.DOD.DECT.CD]",1976,
3798,FR,"External debt stocks, total (DOD, current US$) [DT.DOD.DECT.CD]",1975,
3799,FR,"External debt stocks, total (DOD, current US$) [DT.DOD.DECT.CD]",1974,
3800,FR,"Central government debt, total (% of GDP) [GC.DOD.TOTL.GD.ZS]",2023,
3826,FR,"Central government debt, total (% of GDP) [GC.DOD.TOTL.GD.ZS]",1997,
3827,FR,"Central government debt, total (% of GDP) [GC.DOD.TOTL.GD.ZS]",1996,
3828,FR,"Central government debt, total (% of GDP) [GC.DOD.TOTL.GD.ZS]",1995,
3829,FR,"Central government debt, total (% of GDP) [GC.DOD.TOTL.GD.ZS]",1994,
3830,FR,"Central government debt, total (% of GDP) [GC.DOD.TOTL.GD.ZS]",1993,
3831,FR,"Central government debt, total (% of GDP) [GC.DOD.TOTL.GD.ZS]",1992,
3832,FR,"Central government debt, total (% of GDP) [GC.DOD.TOTL.GD.ZS]",1991,
3833,FR,"Central government debt, total (% of GDP) [GC.DOD.TOTL.GD.ZS]",1990,
3834,FR,"Central government debt, total (% of GDP) [GC.DOD.TOTL.GD.ZS]",1989,
3835,FR,"Central government debt, total (% of GDP) [GC.DOD.TOTL.GD.ZS]",1988,
3836,FR,"Central government debt, total (% of GDP) [GC.DOD.TOTL.GD.ZS]",1987,
3837,FR,"Central government debt, total (% of GDP) [GC.DOD.TOTL.GD.ZS]",1986,
3838,FR,"Central government debt, total (% of GDP) [GC.DOD.TOTL.GD.ZS]",1985,
3839,FR,"Central government debt, total (% of GDP) [GC.DOD.TOTL.GD.ZS]",1984,
3840,FR,"Central government debt, total (% of GDP) [GC.DOD.TOTL.GD.ZS]",1983,
3841,FR,"Central government debt, total (% of GDP) [GC.DOD.TOTL.GD.ZS]",1982,
3842,FR,"Central government debt, total (% of GDP) [GC.DOD.TOTL.GD.ZS]",1981,
3843,FR,"Central government debt, total (% of GDP) [GC.DOD.TOTL.GD.ZS]",1980,
3844,FR,"Central government debt, total (% of GDP) [GC.DOD.TOTL.GD.ZS]",1979,
3845,FR,"Central government debt, total (% of GDP) [GC.DOD.TOTL.GD.ZS]",1978,
3846,FR,"Central government debt, total (% of GDP) [GC.DOD.TOTL.GD.ZS]",1977,
3847,FR,"Central government debt, total (% of GDP) [GC.DOD.TOTL.GD.ZS]",1976,
3848,FR,"Central government debt, total (% of GDP) [GC.DOD.TOTL.GD.ZS]",1975,
3849,FR,"Central government debt, total (% of GDP) [GC.DOD.TOTL.GD.ZS]",1974,
3900,FR,"Life expectancy at birth, total (years) [SP.DYN.LE00.IN]",2023,
3950,FR,"Foreign direct investment, net inflows (BoP, current US$) [BX.KLT.DINV.CD.WD]",2023,
4133,DE,"Unemployment, total (% of total labor force) (modeled ILO estimate) [SL.UEM.TOTL.ZS]",1990,
4134,DE,"Unemployment, total (% of total labor force) (modeled ILO estimate) [SL.UEM.TOTL.ZS]",1989,
4135,DE,"Unemployment, total (% of total labor force) (modeled ILO estimate) [SL.UEM.TOTL.ZS]",1988,
4136,DE,"Unemployment, total (% of total labor force) (modeled ILO estimate) [SL.UEM.TOTL.ZS]",1987,
4137,DE,"Unemployment, total (% of total labor force) (modeled ILO estimate) [SL.UEM.TOTL.ZS]",1986,
4138,DE,"Unemployment, total (% of total labor force) (modeled ILO estimate) [SL.UEM.TOTL.ZS]",1985,
4139,DE,"Unemployment, total (% of total labor force) (modeled ILO estimate) [SL.UEM.TOTL.ZS]",1984,
4140,DE,"Unemployment, total (% of total labor force) (modeled ILO estimate) [SL.UEM.TOTL.ZS]",1983,
4141,DE,"Unemployment, total (% of total labor force) (modeled ILO estimate) [SL.UEM.TOTL.ZS]",1982,
4142,DE,"Unemployment, total (% of total labor force) (modeled ILO estimate) [SL.UEM.TOTL.ZS]",1981,
4143,DE,"Unemployment, total (% of total labor force) (modeled ILO estimate) [SL.UEM.TOTL.ZS]",1980,
4144,DE,"Unemployment, total (% of total labor force) (modeled ILO estimate) [SL.UEM.TOTL.ZS]",1979,
4145,DE,"Unemployment, total (% of total labor force) (modeled ILO estimate) [SL.UEM.TOTL.ZS]",1978,
4146,DE,"Unemployment, total (% of total labor force) (modeled ILO estimate) [SL.UEM.TOTL.ZS]",1977,
4147,DE,"Unemployment, total (% of total labor force) (modeled ILO estimate) [SL.UEM.TOTL.ZS]",1976,
4148,DE,"Unemployment, total (% of total labor force) (modeled ILO estimate) [SL.UEM.TOTL.ZS]",1975,
4149,DE,"Unemployment, total (% of total labor force) (modeled ILO estimate) [SL.UEM.TOTL.ZS]",1974,
4250,DE,"External debt stocks, total (DOD, current US$) [DT.DOD.DECT.CD]",2023,
4251,DE,"External debt stocks, total (DOD, current US$) [DT.DOD.DECT.CD]",2022,
4252,DE,"External debt stocks, total (DOD, current US$) [DT.DOD.DECT.CD]",2021,
4253,DE,"External debt stocks, total (DOD, current US$) [DT.DOD.DECT.CD]",2020,
4254,DE,"External debt stocks, total (DOD, current US$) [DT.DOD.DECT.CD]",2019,
4255,DE,"External debt stocks, total (DOD, current US$) [DT.DOD.DECT.CD]",2018,
4256,DE,"External debt stocks, total (DOD, current US$) [DT.DOD.DECT.CD]",2017,
4257,DE,"External debt stocks, total (DOD, current US$) [DT.DOD.DECT.CD]",2016,
4258,DE,"External debt stocks, total (DOD, current US$) [DT.DOD.DECT.CD]",2015,
4259,DE,"External debt stocks, total (DOD, current US$) [DT.DOD.DECT.CD]",2014,
4260,DE,"External debt stocks, total (DOD, current US$) [DT.DOD.DECT.CD]",2013,
4261,DE,"External debt stocks, total (DOD, current US$) [DT.DOD.DECT.CD]",2012,
4262,DE,"External debt stocks, total (DOD, current US$) [DT.DOD.DECT.CD]",2011,
4263,DE,"External debt stocks, total (DOD, current US$) [DT.DOD.DECT.CD]",2010,
4264,DE,"External debt stocks, total (DOD, current US$) [DT.DOD.DECT.CD]",2009,
4265,DE,"External debt stocks, total (DOD, current US$) [DT.DOD.DECT.CD]",2008,
4266,DE,"External debt stocks, total (DOD, current US$) [DT.DOD.DECT.CD]",2007,
4267,DE,"External debt stocks, total (DOD, current US$) [DT.DOD.DECT.CD]",2006,
4268,DE,"External debt stocks, total (DOD, current US$) [DT.DOD.DECT.CD]",2005,
4269,DE,"External debt stocks, total (DOD, current US$) [DT.DOD.DECT.CD]",2004,
4270,DE,"External debt stocks, total (DOD, current US$) [DT.DOD.DECT.CD]",2003,
4271,DE,"External debt stocks, total (DOD, current US$) [DT.DOD.DECT.CD]",2002,
4272,DE,"External debt stocks, total (DOD, current US$) [DT.DOD.DECT.CD]",2001,
4273,DE,"External debt stocks, total (DOD, current US$) [DT.DOD.DECT.CD]",2000,
4274,DE,"External debt stocks, total (DOD, current US$) [DT.DOD.DECT.CD]",1999,
4275,DE,"External debt stocks, total (DOD, current US$) [DT.DOD.DECT.CD]",1998,
4276,DE,"External debt stocks, total (DOD, current US$) [DT.DOD.DECT.CD]",1997,
4277,DE,"External debt stocks, total (DOD, current US$) [DT.DOD.DECT.CD]",1996,
4278,DE,"External debt stocks, total (DOD, current US$) [DT.DOD.DECT.CD]",1995,
4279,DE,"External debt stocks, total (DOD, current US$) [DT.DOD.DECT.CD]",1994,
4280,DE,"External debt stocks, total (DOD, current US$) [DT.DOD.DECT.CD]",1993,
4281,DE,"External debt stocks, total (DOD, current US$) [DT.DOD.DECT.CD]",1992,
4282,DE,"External debt stocks, total (DOD, current US$) [DT.DOD.DECT.CD]",1991,
4283,DE,"External debt stocks, total (DOD, current US$) [DT.DOD.DECT.CD]",1990,
4284,DE,"External debt stocks, total (DOD, current US$) [DT.DOD.DECT.CD]",1989,
4285,DE,"External debt stocks, total (DOD, current US$) [DT.DOD.DECT.CD]",1988,
4286,DE,"External debt stocks, total (DOD, current US$) [DT.DOD.DECT.CD]",1987,
4287,DE,"External debt stocks, total (DOD, current US$) [DT.DOD.DECT.CD]",1986,
4288,DE,"External debt stocks, total (DOD, current US$) [DT.DOD.DECT.CD]",1985,
4289,DE,"External debt stocks, total (DOD, current US$) [DT.DOD.DECT.CD]",1984,
4290,DE,"External debt stocks, total (DOD, current US$) [DT.DOD.DECT.CD]",1983,
4291,DE,"External debt stocks, total (DOD, current US$) [DT.DOD.DECT.CD]",1982,
4292,DE,"External debt stocks, total (DOD, current US$) [DT.DOD.DECT.CD]",1981,
4293,DE,"External debt stocks, total (DOD, current US$) [DT.DOD.DECT.CD]",1980,
4294,DE,"External debt stocks, total (DOD, current US$) [DT.DOD.DECT.CD]",1979,
4295,DE,"External debt stocks, total (DOD, current US$) [DT.DOD.DECT.CD]",1978,
4296,DE,"External debt stocks, total (DOD, current US$) [DT.DOD.DECT.CD]",1977,
4297,DE,"External debt stocks, total (DOD, current US$) [DT.DOD.DECT.CD]",1976,
4298,DE,"External debt stocks, total (DOD, current US$) [DT.DOD.DECT.CD]",1975,
4299,DE,"External debt stocks, total (DOD, current US$) [DT.DOD.DECT.CD]",1974,
4300,DE,"Central government debt, total (% of GDP) [GC.DOD.TOTL.GD.ZS]",2023,
4301,DE,"Central government debt, total (% of GDP) [GC.DOD.TOTL.GD.ZS]",2022,
4302,DE,"Central government debt, total (% of GDP) [GC.DOD.TOTL.GD.ZS]",2021,
4303,DE,"Central government debt, total (% of GDP) [GC.DOD.TOTL.GD.ZS]",2020,
4304,DE,"Central government debt, total (% of GDP) [GC.DOD.TOTL.GD.ZS]",2019,
4305,DE,"Central government debt, total (% of GDP) [GC.DOD.TOTL.GD.ZS]",2018,
4306,DE,"Central government debt, total (% of GDP) [GC.DOD.TOTL.GD.ZS]",2017,
4307,DE,"Central government debt, total (% of GDP) [GC.DOD.TOTL.GD.ZS]",2016,
4308,DE,"Central government debt, total (% of GDP) [GC.DOD.TOTL.GD.ZS]",2015,
4309,DE,"Central government debt, total (% of GDP) [GC.DOD.TOTL.GD.ZS]",2014,
4310,DE,"Central government debt, total (% of GDP) [GC.DOD.TOTL.GD.ZS]",2013,
4311,DE,"Central government debt, total (% of GDP) [GC.DOD.TOTL.GD.ZS]",2012,
4312,DE,"Central government debt, total (% of GDP) [GC.DOD.TOTL.GD.ZS]",2011,
4313,DE,"Central government debt, total (% of GDP) [GC.DOD.TOTL.GD.ZS]",2010,
4314,DE,"Central government debt, total (% of GDP) [GC.DOD.TOTL.GD.ZS]",2009,
4315,DE,"Central government debt, total (% of GDP) [GC.DOD.TOTL.GD.ZS]",2008,
4316,DE,"Central government debt, total (% of GDP) [GC.DOD.TOTL.GD.ZS]",2007,
4317,DE,"Central government debt, total (% of GDP) [GC.DOD.TOTL.GD.ZS]",2006,
4318,DE,"Central government debt, total (% of GDP) [GC.DOD.TOTL.GD.ZS]",2005,
4319,DE,"Central government debt, total (% of GDP) [GC.DOD.TOTL.GD.ZS]",2004,
4320,DE,"Central government debt, total (% of GDP) [GC.DOD.TOTL.GD.ZS]",2003,
4321,DE,"Central government debt, total (% of GDP) [GC.DOD.TOTL.GD.ZS]",2002,
4322,DE,"Central government debt, total (% of GDP) [GC.DOD.TOTL.GD.ZS]",2001,
4323,DE,"Central government debt, total (% of GDP) [GC.DOD.TOTL.GD.ZS]",2000,
4324,DE,"Central government debt, total (% of GDP) [GC.DOD.TOTL.GD.ZS]",1999,
4325,DE,"Central government debt, total (% of GDP) [GC.DOD.TOTL.GD.ZS]",1998,
4326,DE,"Central government debt, total (% of GDP) [GC.DOD.TOTL.GD.ZS]",1997,
4327,DE,"Central government debt, total (% of GDP) [GC.DOD.TOTL.GD.ZS]",1996,
4328,DE,"Central government debt, total (% of GDP) [GC.DOD.TOTL.GD.ZS]",1995,
4329,DE,"Central government debt, total (% of GDP) [GC.DOD.TOTL.GD.ZS]",1994,
4330,DE,"Central government debt, total (% of GDP) [GC.DOD.TOTL.GD.ZS]",1993,
4331,DE,"Central government debt, total (% of GDP) [GC.DOD.TOTL.GD.ZS]",1992,
4332,DE,"Central government debt, total (% of GDP) [GC.DOD.TOTL.GD.ZS]",1991,
4334,DE,"Central government debt, total (% of GDP) [GC.DOD.TOTL.GD.ZS]",1989,
4335,DE,"Central government debt, total (% of GDP) [GC.DOD.TOTL.GD.ZS]",1988,
4336,DE,"Central government debt, total (% of GDP) [GC.DOD.TOTL.GD.ZS]",1987,
4337,DE,"Central government debt, total (% of GDP) [GC.DOD.TOTL.GD.ZS]",1986,
4338,DE,"Central government debt, total (% of GDP) [GC.DOD.TOTL.GD.ZS]",1985,
4339,DE,"Central government debt, total (% of GDP) [GC.DOD.TOTL.GD.ZS]",1984,
4340,DE,"Central government debt, total (% of GDP) [GC.DOD.TOTL.GD.ZS]",1983,
4341,DE,"Central government debt, total (% of GDP) [GC.DOD.TOTL.GD.ZS]",1982,
4342,DE,"Central government debt, total (% of GDP) [GC.DOD.TOTL.GD.ZS]",1981,
4343,DE,"Central government debt, total (% of GDP) [GC.DOD.TOTL.GD.ZS]",1980,
4344,DE,"Central government debt, total (% of GDP) [GC.DOD.TOTL.GD.ZS]",1979,
4345,DE,"Central government debt, total (% of GDP) [GC.DOD.TOTL.GD.ZS]",1978,
4346,DE,"Central government debt, total (% of GDP) [GC.DOD.TOTL.GD.ZS]",1977,
4347,DE,"Central government debt, total (% of GDP) [GC.DOD.TOTL.GD.ZS]",1976,
4348,DE,"Central government debt, total (% of GDP) [GC.DOD.TOTL.GD.ZS]",1975,
4349,DE,"Central government debt, total (% of GDP) [GC.DOD.TOTL.GD.ZS]",1974,
4400,DE,"Life expectancy at birth, total (years) [SP.DYN.LE00.IN]",2023,
4450,DE,"Foreign direct investment, net inflows (BoP, current US$) [BX.KLT.DINV.CD.WD]",2023,
